included,category,dataset,mean,lower,upper,LR
1,CB-1D-MFN,BrightKite,0.10430393170878817,0.07753365857287564,0.137421952474362,USLR
1,CB-1D-MFN,Gowalla,0.20184709345957552,0.18047305865890134,0.2237634592069443,USLR
1,CB-1D-MFN,Weeplace,0.1695726948419556,0.15662141894874765,0.1830938673153686,USLR
1,CB-1H-MFN,BrightKite,0.12132666535797444,0.0924363696570182,0.15473816356418255,USLR
1,CB-1H-MFN,Gowalla,0.19341499498973594,0.1724727854312082,0.2161464022419535,USLR
1,CB-1H-MFN,Weeplace,0.16695002099125522,0.15355569866413674,0.1810843949603533,USLR
1,SW-24H-MFN,BrightKite,0.09176870459760866,0.06604942754311831,0.12433142767792785,USLR
1,SW-24H-MFN,Gowalla,0.19121079614550135,0.1710953605202777,0.2130639219623589,USLR
1,SW-24H-MFN,Weeplace,0.16435334051761874,0.15109054028529673,0.177896732168167,USLR
1,TFN,BrightKite,0.06072114893286545,0.03941459749153493,0.0898794094837955,USLR
1,TFN,Gowalla,0.10871513451762554,0.0903400163203431,0.12972754271476059,USLR
1,TFN,Weeplace,0.07983295747629139,0.06775316206851804,0.09248615603735669,USLR
1,WT-MFN,BrightKite,0.1668856054873451,0.13755004783064026,0.2010992707763627,USLR
1,WT-MFN,Gowalla,0.0870639663575122,0.07626007413990146,0.09883141241511723,USLR
1,WT-MFN,Weeplace,0.057843840513607366,0.05223907330509512,0.06377837234194676,USLR
2,CB-1D-MFN,BrightKite,0.0703923674374605,0.05815876735707609,0.08309197269037309,USLR
2,CB-1D-MFN,Gowalla,0.13625357194405896,0.12328655065113585,0.14931556882428187,USLR
2,CB-1D-MFN,Weeplace,0.12782802065157534,0.11956865982861788,0.1363568265455268,USLR
2,CB-1H-MFN,BrightKite,0.08159315518997512,0.06615721485407257,0.09920109356237661,USLR
2,CB-1H-MFN,Gowalla,0.13326091199639836,0.11903968032154724,0.14807396027990627,USLR
2,CB-1H-MFN,Weeplace,0.1256670985282668,0.11731285504291271,0.13406017254981903,USLR
2,SW-24H-MFN,BrightKite,0.06988410743049606,0.056060929834617544,0.08503363676323084,USLR
2,SW-24H-MFN,Gowalla,0.1306512096185023,0.11737237787284839,0.14431665576208802,USLR
2,SW-24H-MFN,Weeplace,0.12105319473628738,0.1125348499662029,0.12958537189130678,USLR
2,TFN,BrightKite,0.058963758521047474,0.04192892851805155,0.07816892660712046,USLR
2,TFN,Gowalla,0.08598196417613933,0.07341288754345489,0.09899183680670465,USLR
2,TFN,Weeplace,0.06901101029831479,0.06052742146921948,0.07838786968316085,USLR
2,WT-MFN,BrightKite,0.1008519320581095,0.08655984255394941,0.11549633931848884,USLR
2,WT-MFN,Gowalla,0.06261574719901565,0.0547143940077709,0.071209073376895,USLR
2,WT-MFN,Weeplace,0.041495338194157794,0.037527645835783774,0.04588223563194457,USLR
3,CB-1D-MFN,BrightKite,0.06001697657200665,0.04836235029176374,0.07240497219618729,USLR
3,CB-1D-MFN,Gowalla,0.11857239501768671,0.10705861635011048,0.13058222050273674,USLR
3,CB-1D-MFN,Weeplace,0.11196999192389154,0.10421164947992792,0.11996636489468222,USLR
3,CB-1H-MFN,BrightKite,0.06141270714720034,0.04950916411167951,0.07466999180628625,USLR
3,CB-1H-MFN,Gowalla,0.11662648339159835,0.10403732076995507,0.1298891682420793,USLR
3,CB-1H-MFN,Weeplace,0.109950988104766,0.10237873425601189,0.11784695242156996,USLR
3,SW-24H-MFN,BrightKite,0.062202428483264356,0.04503975983777266,0.08373927785843172,USLR
3,SW-24H-MFN,Gowalla,0.11413949233765835,0.101912913184407,0.12700520251546593,USLR
3,SW-24H-MFN,Weeplace,0.1049641726738451,0.09698093907328047,0.11308502770893183,USLR
3,TFN,BrightKite,0.054009880458163746,0.0386506451073969,0.0733069689435763,USLR
3,TFN,Gowalla,0.07475855769142928,0.06409735950669934,0.08636940459702365,USLR
3,TFN,Weeplace,0.07070527236671632,0.06289208471274399,0.07856002952196328,USLR
3,WT-MFN,BrightKite,0.08769865904979983,0.07520002502814911,0.10129670222318823,USLR
3,WT-MFN,Gowalla,0.0516961930337699,0.04490101771814309,0.05942275260070756,USLR
3,WT-MFN,Weeplace,0.03134626594892073,0.0281052872940571,0.03492040169408953,USLR
4,CB-1D-MFN,BrightKite,0.059756594043203784,0.04519205536188239,0.07877454505929475,USLR
4,CB-1D-MFN,Gowalla,0.10614986744535926,0.09508872139196459,0.11783944181650645,USLR
4,CB-1D-MFN,Weeplace,0.10676836145451464,0.09960955086107931,0.11399208270109454,USLR
4,CB-1H-MFN,BrightKite,0.06226752734099818,0.05144492654588409,0.07350519817677556,USLR
4,CB-1H-MFN,Gowalla,0.09530498478552552,0.08401426540764284,0.10722402088739455,USLR
4,CB-1H-MFN,Weeplace,0.10083672438244262,0.09408773036752066,0.10780535388504095,USLR
4,SW-24H-MFN,BrightKite,0.055886910828141616,0.04418112981033317,0.06892038162922152,USLR
4,SW-24H-MFN,Gowalla,0.10296046203445122,0.09134658256227826,0.11539154037403887,USLR
4,SW-24H-MFN,Weeplace,0.09861274793858096,0.09132844858954235,0.10586747286299647,USLR
4,TFN,BrightKite,0.03774513760735066,0.029229137139080895,0.04687847044451146,USLR
4,TFN,Gowalla,0.0753443327896438,0.06335382579093066,0.0885200761138641,USLR
4,TFN,Weeplace,0.06693573694425271,0.059722556521752235,0.07443121569103534,USLR
4,WT-MFN,BrightKite,0.07688650961402252,0.06551326091289492,0.0890530879830478,USLR
4,WT-MFN,Gowalla,0.04335824889831285,0.037716964331529185,0.04961452958234005,USLR
4,WT-MFN,Weeplace,0.024053531464070018,0.021476451708054962,0.0270287959886667,USLR
5,CB-1D-MFN,BrightKite,0.05551712326098072,0.0452741346004004,0.0661204021803049,USLR
5,CB-1D-MFN,Gowalla,0.09794075783663604,0.08590976446721993,0.11087894361274396,USLR
5,CB-1D-MFN,Weeplace,0.09995151502974597,0.09288019352726827,0.10700055341575358,USLR
5,CB-1H-MFN,BrightKite,0.053523135559225235,0.042957419884162774,0.06486083097010545,USLR
5,CB-1H-MFN,Gowalla,0.09428526498467617,0.08210012745867788,0.10743052971643655,USLR
5,CB-1H-MFN,Weeplace,0.09802792383429056,0.0905540614804739,0.10546971474550734,USLR
5,SW-24H-MFN,BrightKite,0.04901434440798492,0.03952363098361312,0.05890521526154689,USLR
5,SW-24H-MFN,Gowalla,0.09932112293688711,0.08665267868533215,0.11322865432774365,USLR
5,SW-24H-MFN,Weeplace,0.10148634820131083,0.0933977369624705,0.10962864512968398,USLR
5,TFN,BrightKite,0.046613203840371646,0.03569449779359548,0.05825995979952935,USLR
5,TFN,Gowalla,0.07588696773579472,0.06361644051936159,0.08950784469648013,USLR
5,TFN,Weeplace,0.07135021652049732,0.06432001090893445,0.07868421783814379,USLR
5,WT-MFN,BrightKite,0.07132657501173718,0.06061574729640991,0.08289781572395673,USLR
5,WT-MFN,Gowalla,0.03644513102695468,0.031537927185910135,0.04185877695757499,USLR
5,WT-MFN,Weeplace,0.018985834148443275,0.016740348567505465,0.021522949904757824,USLR
6,CB-1D-MFN,BrightKite,0.041535775796403995,0.03441464266787301,0.04908135213322548,USLR
6,CB-1D-MFN,Gowalla,0.08762045639037615,0.0770803535540787,0.09907390132951258,USLR
6,CB-1D-MFN,Weeplace,0.09027089780741863,0.08384208223270195,0.09711509433644917,USLR
6,CB-1H-MFN,BrightKite,0.04862913128164106,0.03953522948651195,0.05844422302432399,USLR
6,CB-1H-MFN,Gowalla,0.08787412172456108,0.07664972481613773,0.09959593025508374,USLR
6,CB-1H-MFN,Weeplace,0.09067171438274281,0.0837341669505928,0.09780949027661394,USLR
6,SW-24H-MFN,BrightKite,0.045513711475844036,0.03585635991249038,0.05591855467179927,USLR
6,SW-24H-MFN,Gowalla,0.08214071872055453,0.07264536858517116,0.09237261486853329,USLR
6,SW-24H-MFN,Weeplace,0.08830030143186846,0.08118976895235634,0.09595836641260631,USLR
6,TFN,BrightKite,0.052156122162036855,0.03813996575105495,0.0687927074054583,USLR
6,TFN,Gowalla,0.0665813244583584,0.055848473419909214,0.07857200860548584,USLR
6,TFN,Weeplace,0.07595802306104645,0.06864401230458604,0.08359750190051327,USLR
6,WT-MFN,BrightKite,0.06456195484134042,0.05464889217220222,0.07510753630330942,USLR
6,WT-MFN,Gowalla,0.030660781460163617,0.026294242250693954,0.03557520562298135,USLR
6,WT-MFN,Weeplace,0.015199028434990994,0.01327200594615926,0.01737791766764047,USLR
7,CB-1D-MFN,BrightKite,0.04818738302016646,0.038577434136155955,0.05840074086404538,USLR
7,CB-1D-MFN,Gowalla,0.08814832065915139,0.07734151636987363,0.10006795249869722,USLR
7,CB-1D-MFN,Weeplace,0.0872210543736839,0.08066731506210278,0.09394519149914259,USLR
7,CB-1H-MFN,BrightKite,0.057328577492043724,0.044948939136567154,0.07115746311047863,USLR
7,CB-1H-MFN,Gowalla,0.08419473432596099,0.07347219313170375,0.0955341235815947,USLR
7,CB-1H-MFN,Weeplace,0.09070899225035631,0.08382588707208531,0.09778534809667908,USLR
7,SW-24H-MFN,BrightKite,0.044108939682487885,0.03319751240909442,0.05678642525049967,USLR
7,SW-24H-MFN,Gowalla,0.08854995495354581,0.07591973120763089,0.10197280150939159,USLR
7,SW-24H-MFN,Weeplace,0.08333358335099948,0.07686969195214922,0.08989870628664563,USLR
7,TFN,BrightKite,0.038128107220083106,0.028413993655763907,0.04881646466394478,USLR
7,TFN,Gowalla,0.06784978290502423,0.05533258754100414,0.08179241938670302,USLR
7,TFN,Weeplace,0.07492936716160135,0.0672698598291071,0.0831683253498128,USLR
7,WT-MFN,BrightKite,0.060607876242417355,0.051544003263071646,0.07053573394202399,USLR
7,WT-MFN,Gowalla,0.02535656213138259,0.021498255045090717,0.030045653888187526,USLR
7,WT-MFN,Weeplace,0.012122843767643554,0.010572680937594118,0.013911083373088188,USLR
8,CB-1D-MFN,BrightKite,0.04619202574682003,0.03569798132272789,0.05829420008420855,USLR
8,CB-1D-MFN,Gowalla,0.08131304753360863,0.0712303322876674,0.092017563365584,USLR
8,CB-1D-MFN,Weeplace,0.087365051171019,0.08124364090937286,0.09375656557808303,USLR
8,CB-1H-MFN,BrightKite,0.04367997550634464,0.034828858426166766,0.05438127756330113,USLR
8,CB-1H-MFN,Gowalla,0.07331624036514299,0.06373698904174935,0.0838155696601652,USLR
8,CB-1H-MFN,Weeplace,0.07987796271328534,0.07356276154802803,0.08630863475865298,USLR
8,SW-24H-MFN,BrightKite,0.05143520566521764,0.04065265155022912,0.06255808841014233,USLR
8,SW-24H-MFN,Gowalla,0.08659972863137799,0.07554588440036288,0.09806854783741505,USLR
8,SW-24H-MFN,Weeplace,0.07599693030456754,0.06976433445822669,0.08248034823857144,USLR
8,TFN,BrightKite,0.04518890282186621,0.034306338638328375,0.056602659486461246,USLR
8,TFN,Gowalla,0.0654922883736504,0.055112027852307365,0.07693139726267484,USLR
8,TFN,Weeplace,0.07121106178305216,0.06463179730299506,0.07800705260354515,USLR
8,WT-MFN,BrightKite,0.05737043896062729,0.048436083591855694,0.06692138962745676,USLR
8,WT-MFN,Gowalla,0.020714528015654918,0.017061814567490206,0.02510860713398057,USLR
8,WT-MFN,Weeplace,0.010073300063998513,0.00871005280998548,0.011685130883936428,USLR
9,CB-1D-MFN,BrightKite,0.04328284980781091,0.03179446256212445,0.05871694097639852,USLR
9,CB-1D-MFN,Gowalla,0.07294264657281486,0.06507733667862452,0.08100537484033807,USLR
9,CB-1D-MFN,Weeplace,0.08399847826933644,0.07804752705666977,0.09014523649210791,USLR
9,CB-1H-MFN,BrightKite,0.04332861779397976,0.03598901492513899,0.0514000754096566,USLR
9,CB-1H-MFN,Gowalla,0.06769935989889177,0.05796699907055739,0.07834063985121248,USLR
9,CB-1H-MFN,Weeplace,0.07752359365770417,0.07125428797732145,0.08403166466821446,USLR
9,SW-24H-MFN,BrightKite,0.04012780256847886,0.03232524241297765,0.048759142260980645,USLR
9,SW-24H-MFN,Gowalla,0.07184881697450633,0.06275004183373176,0.08156104144184977,USLR
9,SW-24H-MFN,Weeplace,0.07544609831113759,0.06922240979247274,0.08201116371727851,USLR
9,TFN,BrightKite,0.036603521240026735,0.028086324742221214,0.045784584072417756,USLR
9,TFN,Gowalla,0.06537044495729491,0.054825724117612905,0.07669984826621018,USLR
9,TFN,Weeplace,0.07169705792491332,0.06490097785268976,0.07862680356758496,USLR
9,WT-MFN,BrightKite,0.05453819212834338,0.04582079456046549,0.06397013004950078,USLR
9,WT-MFN,Gowalla,0.015875406955142404,0.01316209286330128,0.019126310519982582,USLR
9,WT-MFN,Weeplace,0.008403032749947944,0.00722297337016164,0.009851183375041705,USLR
10,CB-1D-MFN,BrightKite,0.04325672825507989,0.033110800408100716,0.055425606324106584,USLR
10,CB-1D-MFN,Gowalla,0.0745461308806016,0.06585908441045904,0.08386296648503509,USLR
10,CB-1D-MFN,Weeplace,0.08402798540902034,0.07754071843272806,0.09065124792470043,USLR
10,CB-1H-MFN,BrightKite,0.0390197662130639,0.029903262635154776,0.04948309600043047,USLR
10,CB-1H-MFN,Gowalla,0.06627931874394806,0.05861889629812486,0.07416395571712743,USLR
10,CB-1H-MFN,Weeplace,0.0732632981032395,0.06698067828532552,0.07973607250141883,USLR
10,SW-24H-MFN,BrightKite,0.03768588515511672,0.02995692622112112,0.04600838230492107,USLR
10,SW-24H-MFN,Gowalla,0.07180177009962661,0.06342209660960249,0.08040547969397377,USLR
10,SW-24H-MFN,Weeplace,0.07313090048309145,0.06688123522170901,0.07934339560731085,USLR
10,TFN,BrightKite,0.0402716256749909,0.029324415201087264,0.05482329841176808,USLR
10,TFN,Gowalla,0.07362970825083205,0.06135891635512676,0.08754162629373602,USLR
10,TFN,Weeplace,0.08164670407454068,0.07413704746203124,0.08950098933083747,USLR
10,WT-MFN,BrightKite,0.0519900558959005,0.043483833604316575,0.061691047541999555,USLR
10,WT-MFN,Gowalla,0.01197814041293136,0.009849131049153042,0.014671529240514075,USLR
10,WT-MFN,Weeplace,0.006971510978428724,0.005894936499018727,0.008326615575733443,USLR
1,CB-1D-MFN,BrightKite,0.26440432612353176,0.2177762646749441,0.3142678531521568,SLR
1,CB-1D-MFN,Gowalla,0.221914400126857,0.19647247203604265,0.24830745108605232,SLR
1,CB-1D-MFN,Weeplace,0.17642075236918045,0.16421621946632797,0.1893319309367734,SLR
1,CB-1H-MFN,BrightKite,0.2559474236258666,0.21077303934360708,0.30417777274615343,SLR
1,CB-1H-MFN,Gowalla,0.2031909544385936,0.178337409536828,0.22793987281527375,SLR
1,CB-1H-MFN,Weeplace,0.16502660387190707,0.15185753935241036,0.1785645734125463,SLR
1,SW-24H-MFN,BrightKite,0.26184187507474466,0.21482113359112118,0.31416337870114813,SLR
1,SW-24H-MFN,Gowalla,0.21235561273659595,0.18778246600862974,0.238030650822001,SLR
1,SW-24H-MFN,Weeplace,0.1737069091628371,0.16092440794151974,0.1872991550263715,SLR
1,TFN,BrightKite,0.1253355591191269,0.08608432633819722,0.16963540360956472,SLR
1,TFN,Gowalla,0.1137329399795788,0.09230691606626519,0.13714648265010274,SLR
1,TFN,Weeplace,0.07269659920962242,0.0607830538219514,0.08525614539396506,SLR
1,WT-MFN,BrightKite,0.1732059570952728,0.13935154558868476,0.21003296492194753,SLR
1,WT-MFN,Gowalla,0.07932386749322162,0.0648354408929071,0.09586846462133732,SLR
1,WT-MFN,Weeplace,0.045154675567464025,0.037486895417909116,0.05397417489078169,SLR
2,CB-1D-MFN,BrightKite,0.22385747543793147,0.18217487161040266,0.2671230928758977,SLR
2,CB-1D-MFN,Gowalla,0.15624516297222804,0.1374137704668725,0.17595573313730453,SLR
2,CB-1D-MFN,Weeplace,0.13072781834984343,0.12190888857733786,0.14015654662610927,SLR
2,CB-1H-MFN,BrightKite,0.209374166994574,0.1671282085517237,0.2552905887681185,SLR
2,CB-1H-MFN,Gowalla,0.1472962513682747,0.1279120320153706,0.16735640233745225,SLR
2,CB-1H-MFN,Weeplace,0.12489769326128902,0.11531226851726635,0.1349394637343055,SLR
2,SW-24H-MFN,BrightKite,0.20645670849987957,0.16493579694179833,0.2518308828584511,SLR
2,SW-24H-MFN,Gowalla,0.15440096586857396,0.13526780316191275,0.1748624518107788,SLR
2,SW-24H-MFN,Weeplace,0.12667738856226546,0.11758536488027571,0.13643492251729733,SLR
2,TFN,BrightKite,0.12895854111050456,0.08731266624906052,0.17431202346879243,SLR
2,TFN,Gowalla,0.09374398298609898,0.07690859082355996,0.11197535474311057,SLR
2,TFN,Weeplace,0.060424935151635835,0.051931119925983836,0.06976413403861839,SLR
2,WT-MFN,BrightKite,0.14673986825004376,0.11121826958475213,0.18735784067762443,SLR
2,WT-MFN,Gowalla,0.05458283022332384,0.04582572270742679,0.06398077468203599,SLR
2,WT-MFN,Weeplace,0.0320031453992405,0.026342144726175472,0.038706876318821304,SLR
3,CB-1D-MFN,BrightKite,0.18676599653660242,0.15089482708926716,0.22584247568952848,SLR
3,CB-1D-MFN,Gowalla,0.12969822370300657,0.11408851469203439,0.14648182549883482,SLR
3,CB-1D-MFN,Weeplace,0.11516667541213882,0.10631800041591671,0.12450375818677135,SLR
3,CB-1H-MFN,BrightKite,0.19407214964473976,0.15271106952523997,0.23905359779086277,SLR
3,CB-1H-MFN,Gowalla,0.130902429462899,0.11240710985497805,0.1503697945615085,SLR
3,CB-1H-MFN,Weeplace,0.1041178229226136,0.09550958992772082,0.11332824904533678,SLR
3,SW-24H-MFN,BrightKite,0.18947537642548193,0.15049472242744144,0.23340166805685936,SLR
3,SW-24H-MFN,Gowalla,0.12472088027898248,0.10894665446068717,0.14120509117093155,SLR
3,SW-24H-MFN,Weeplace,0.10674286102169475,0.09822166391459686,0.11588936669498592,SLR
3,TFN,BrightKite,0.09380829167818519,0.06485219042577026,0.1264884074191588,SLR
3,TFN,Gowalla,0.08701889103266211,0.07109211743380933,0.1041513793792573,SLR
3,TFN,Weeplace,0.06116964958961699,0.05304908486571999,0.06963019427713724,SLR
3,WT-MFN,BrightKite,0.11298065474549487,0.0852619891614936,0.14547628457950718,SLR
3,WT-MFN,Gowalla,0.04325732589775245,0.0354939119033721,0.052109193830331704,SLR
3,WT-MFN,Weeplace,0.02357786754443592,0.019216567141247823,0.028847971138465586,SLR
4,CB-1D-MFN,BrightKite,0.1704777148146347,0.13468666446529723,0.21007488573472705,SLR
4,CB-1D-MFN,Gowalla,0.1167630015238946,0.10119874754618705,0.13389741672402264,SLR
4,CB-1D-MFN,Weeplace,0.10494232169536048,0.09681270989288109,0.11354416964543128,SLR
4,CB-1H-MFN,BrightKite,0.15940416610041003,0.12228366371607585,0.20151231796718036,SLR
4,CB-1H-MFN,Gowalla,0.10119099980544123,0.08580236192852446,0.11745732026593295,SLR
4,CB-1H-MFN,Weeplace,0.09334960595968446,0.0863543643665064,0.10076678948169186,SLR
4,SW-24H-MFN,BrightKite,0.17672859606404207,0.13976447573749828,0.21891204543111167,SLR
4,SW-24H-MFN,Gowalla,0.11789132070507975,0.10124961383590844,0.13530884641045815,SLR
4,SW-24H-MFN,Weeplace,0.09987146950250653,0.0916876836415065,0.10857721895330001,SLR
4,TFN,BrightKite,0.06400391087794831,0.04176163145367141,0.09035840643363588,SLR
4,TFN,Gowalla,0.0792704183173155,0.06353467031371554,0.09619723390342533,SLR
4,TFN,Weeplace,0.05649132044139131,0.04939395748164915,0.0642121175163695,SLR
4,WT-MFN,BrightKite,0.09717181641223588,0.07428080251696245,0.12373978554998898,SLR
4,WT-MFN,Gowalla,0.0386968791318373,0.0309229931607287,0.04786423383618893,SLR
4,WT-MFN,Weeplace,0.02125992717027841,0.01583664616084909,0.027982215802256554,SLR
5,CB-1D-MFN,BrightKite,0.17118670112347575,0.13253907940837018,0.21468666898546604,SLR
5,CB-1D-MFN,Gowalla,0.10674368843782833,0.09086252361741125,0.12402353499013745,SLR
5,CB-1D-MFN,Weeplace,0.09360821323565631,0.08621507624446469,0.10150994224899555,SLR
5,CB-1H-MFN,BrightKite,0.1445956972263515,0.11306687567777507,0.17899160952786078,SLR
5,CB-1H-MFN,Gowalla,0.10033201488583224,0.08314659288164586,0.11906031566061477,SLR
5,CB-1H-MFN,Weeplace,0.09250276792319916,0.08399815476002985,0.10163675723267747,SLR
5,SW-24H-MFN,BrightKite,0.14384324880957772,0.11102131987321359,0.17869974875842481,SLR
5,SW-24H-MFN,Gowalla,0.10671433744360699,0.09029439354420338,0.12498479716953259,SLR
5,SW-24H-MFN,Weeplace,0.09716146578204544,0.08837467113056545,0.10642368375538665,SLR
5,TFN,BrightKite,0.08126087676295574,0.05619120173602335,0.10947400239758918,SLR
5,TFN,Gowalla,0.08190043907174485,0.06509970205029438,0.09942867729522943,SLR
5,TFN,Weeplace,0.060285083133440165,0.05271278627866995,0.06873902323135031,SLR
5,WT-MFN,BrightKite,0.10376067823466678,0.07660288251051679,0.13475121405169008,SLR
5,WT-MFN,Gowalla,0.02862578989063613,0.02344482336297578,0.03466907210191571,SLR
5,WT-MFN,Weeplace,0.015341686733114078,0.011242234177136217,0.020825500297576835,SLR
6,CB-1D-MFN,BrightKite,0.129906104280344,0.10049314935131931,0.16268709719597826,SLR
6,CB-1D-MFN,Gowalla,0.09491952498801244,0.08110114098907492,0.11065168618498838,SLR
6,CB-1D-MFN,Weeplace,0.08824498635106086,0.08017120499508465,0.09706531913060569,SLR
6,CB-1H-MFN,BrightKite,0.15004434155292917,0.11420356361911545,0.19080240579782565,SLR
6,CB-1H-MFN,Gowalla,0.09065658092063127,0.07639533966363125,0.10614166387069539,SLR
6,CB-1H-MFN,Weeplace,0.08575598177900542,0.07717116126059247,0.09527807808288702,SLR
6,SW-24H-MFN,BrightKite,0.14317299190356733,0.10822304568947025,0.18340263745622998,SLR
6,SW-24H-MFN,Gowalla,0.09226422544071694,0.07782959937285468,0.10806426043635713,SLR
6,SW-24H-MFN,Weeplace,0.08280443656358365,0.07471771454511547,0.09196935997245724,SLR
6,TFN,BrightKite,0.0750192278294456,0.053604279237921895,0.09860743762558963,SLR
6,TFN,Gowalla,0.07112433458733457,0.05590339683817327,0.08830777118561138,SLR
6,TFN,Weeplace,0.06681352112525475,0.05810674976830057,0.0761735743550118,SLR
6,WT-MFN,BrightKite,0.10476274085051814,0.07067706424250421,0.14428573064091846,SLR
6,WT-MFN,Gowalla,0.02708527239320235,0.020479689065895416,0.0353368047624534,SLR
6,WT-MFN,Weeplace,0.010623785934436632,0.008330713605650488,0.013482467483801079,SLR
7,CB-1D-MFN,BrightKite,0.12715143678629515,0.09958968125966468,0.15858759741708212,SLR
7,CB-1D-MFN,Gowalla,0.09224314404079037,0.07927786199326757,0.10579445975162391,SLR
7,CB-1D-MFN,Weeplace,0.08238871462987707,0.07454931667895327,0.090420995620749,SLR
7,CB-1H-MFN,BrightKite,0.11586428395434821,0.0880337841892981,0.14729743715259844,SLR
7,CB-1H-MFN,Gowalla,0.08805037359448707,0.0742230890755887,0.10377287671136769,SLR
7,CB-1H-MFN,Weeplace,0.08052114522889184,0.07315064110221668,0.08869301621085861,SLR
7,SW-24H-MFN,BrightKite,0.13425482856710824,0.10104488853617533,0.17314540021070887,SLR
7,SW-24H-MFN,Gowalla,0.09344508843636865,0.07784161325766362,0.11022240026938927,SLR
7,SW-24H-MFN,Weeplace,0.07792130546445002,0.07044818838320951,0.08564933172175258,SLR
7,TFN,BrightKite,0.04076218520558429,0.028431893824470998,0.05466366241965303,SLR
7,TFN,Gowalla,0.07287470273040911,0.056248427670271495,0.09161824807968551,SLR
7,TFN,Weeplace,0.06236887815359697,0.05520195827491145,0.07007362617090158,SLR
7,WT-MFN,BrightKite,0.075656858910865,0.05363040393019386,0.10261003280161776,SLR
7,WT-MFN,Gowalla,0.02023631676761852,0.015427478970389675,0.02657127454680907,SLR
7,WT-MFN,Weeplace,0.009146062163900908,0.006681842113555182,0.012452022370670304,SLR
8,CB-1D-MFN,BrightKite,0.1341803892340145,0.09971952042137772,0.17231376441561197,SLR
8,CB-1D-MFN,Gowalla,0.08059876645386028,0.06915343130145872,0.09298343904708178,SLR
8,CB-1D-MFN,Weeplace,0.08071027429317883,0.07307107530172341,0.08904358235460046,SLR
8,CB-1H-MFN,BrightKite,0.11126279488666971,0.08447922814174207,0.14141151615724348,SLR
8,CB-1H-MFN,Gowalla,0.07835914744097007,0.06539384140727812,0.09189872503130636,SLR
8,CB-1H-MFN,Weeplace,0.0716816947017642,0.06446800133100072,0.0798011334385151,SLR
8,SW-24H-MFN,BrightKite,0.11988266007877026,0.0894808223118584,0.15471796094225418,SLR
8,SW-24H-MFN,Gowalla,0.08318187978771294,0.07152508650238353,0.09537112816519785,SLR
8,SW-24H-MFN,Weeplace,0.0716294062181742,0.06440111292014601,0.07930040174550744,SLR
8,TFN,BrightKite,0.05227638622254024,0.036038285500825225,0.07151023880913615,SLR
8,TFN,Gowalla,0.06269803059810554,0.051392914335488336,0.075543583364913,SLR
8,TFN,Weeplace,0.06100226671169267,0.053963025470050996,0.0684034709428914,SLR
8,WT-MFN,BrightKite,0.08837507433318836,0.0600153887514044,0.12152924141029907,SLR
8,WT-MFN,Gowalla,0.014904321450906342,0.012069186747071756,0.018341568286643954,SLR
8,WT-MFN,Weeplace,0.00797256451860252,0.005542305911401446,0.01128759103184849,SLR
9,CB-1D-MFN,BrightKite,0.09841894916859384,0.07780083965169422,0.12108070486013893,SLR
9,CB-1D-MFN,Gowalla,0.07707704362916287,0.06578083935673142,0.0898823872837259,SLR
9,CB-1D-MFN,Weeplace,0.07394144385974318,0.06788216739396491,0.08050334213093573,SLR
9,CB-1H-MFN,BrightKite,0.10024416736718937,0.06929378035737825,0.13779623073884895,SLR
9,CB-1H-MFN,Gowalla,0.07154639397998169,0.05891989433166648,0.08554120608033718,SLR
9,CB-1H-MFN,Weeplace,0.06629659937040805,0.060066915300442184,0.07268107011009803,SLR
9,SW-24H-MFN,BrightKite,0.11908130416088042,0.0889527910667607,0.1547397722604451,SLR
9,SW-24H-MFN,Gowalla,0.07145614335820594,0.06015734402622404,0.0837904567659591,SLR
9,SW-24H-MFN,Weeplace,0.07022854821908484,0.06321431928753957,0.07737200202618787,SLR
9,TFN,BrightKite,0.04064021691557998,0.026007138043181176,0.05882567750038594,SLR
9,TFN,Gowalla,0.06946285433356861,0.0561374494284443,0.08430154592495952,SLR
9,TFN,Weeplace,0.05913067560347215,0.052026108518902534,0.06644507201228103,SLR
9,WT-MFN,BrightKite,0.08195068091002922,0.058371095491091034,0.1094998635299579,SLR
9,WT-MFN,Gowalla,0.010631572564663487,0.008944580848142973,0.012509855568510945,SLR
9,WT-MFN,Weeplace,0.00872096387083869,0.005100026130133206,0.013816112348279588,SLR
10,CB-1D-MFN,BrightKite,0.10006559141296777,0.07448177496626258,0.1290214067947986,SLR
10,CB-1D-MFN,Gowalla,0.07395237503256069,0.06359929156758308,0.08506745483533344,SLR
10,CB-1D-MFN,Weeplace,0.07254872760501627,0.06564039019510806,0.08019078812624729,SLR
10,CB-1H-MFN,BrightKite,0.09864799892431217,0.07433830669492646,0.12586760035950365,SLR
10,CB-1H-MFN,Gowalla,0.06897514401112492,0.05755369341884936,0.08127715093436927,SLR
10,CB-1H-MFN,Weeplace,0.0626698547656052,0.055979609634274494,0.070225751383884,SLR
10,SW-24H-MFN,BrightKite,0.10235201072044885,0.0767225813280872,0.1313455314497801,SLR
10,SW-24H-MFN,Gowalla,0.0738835342457297,0.06310183164689369,0.0853164768246097,SLR
10,SW-24H-MFN,Weeplace,0.06195740223045538,0.05598658522731394,0.06811555366956827,SLR
10,TFN,BrightKite,0.041877472028412466,0.02902009411693364,0.05731761662931965,SLR
10,TFN,Gowalla,0.08455763741783476,0.0672166216803303,0.10392653699241335,SLR
10,TFN,Weeplace,0.06630032803903003,0.05896610797254826,0.07421509401550364,SLR
10,WT-MFN,BrightKite,0.07401074402500413,0.05119755016848707,0.09992963646077267,SLR
10,WT-MFN,Gowalla,0.008595057441577448,0.006374012608080502,0.012017458216419509,SLR
10,WT-MFN,Weeplace,0.006586777204447792,0.0042339430142161166,0.009577791201277143,SLR
